{"cameraMode":{"drawMode":0,"name":"Shaded","section":"Shading Mode"},"sceneLighting":false,"audioPlay":false,"sceneViewState":{"m_AlwaysRefresh":false,"showFog":true,"showSkybox":false,"showFlares":true,"showImageEffects":true,"showParticleSystems":true,"showVisualEffectGraphs":true,"m_FxEnabled":true},"in2DMode":false,"pivot":{"x":0.0010862350463867188,"y":2.455259323120117,"z":6.302089691162109},"rotation":{"x":-0.2886604964733124,"y":-0.0017827327828854323,"z":0.0005118307890370488,"w":-0.9575015902519226},"size":16.301355361938478,"orthographic":false}