{"cameraMode":{"drawMode":0,"name":"Shaded","section":"Shading Mode"},"sceneLighting":false,"audioPlay":false,"sceneViewState":{"m_AlwaysRefresh":false,"showFog":true,"showSkybox":false,"showFlares":true,"showImageEffects":true,"showParticleSystems":true,"showVisualEffectGraphs":true,"m_FxEnabled":true},"in2DMode":false,"pivot":{"x":-0.10694289207458496,"y":11.73281478881836,"z":-9.000001907348633},"rotation":{"x":0.24575257301330567,"y":-0.32754096388816836,"z":0.08862555772066117,"w":0.9080190658569336},"size":9.505550384521485,"orthographic":false}