{"cameraMode":{"drawMode":0,"name":"Shaded","section":"Shading Mode"},"sceneLighting":false,"audioPlay":false,"sceneViewState":{"m_AlwaysRefresh":false,"showFog":true,"showSkybox":false,"showFlares":true,"showImageEffects":true,"showParticleSystems":true,"showVisualEffectGraphs":true,"m_FxEnabled":true},"in2DMode":false,"pivot":{"x":-38.746585845947269,"y":0.8903665542602539,"z":-1.5487256050109864},"rotation":{"x":0.05614929273724556,"y":-0.6640155911445618,"z":0.050079263746738437,"w":0.7439448833465576},"size":1.3063642978668213,"orthographic":false}