{"cameraMode":{"drawMode":0,"name":"Shaded","section":"Shading Mode"},"sceneLighting":false,"audioPlay":false,"sceneViewState":{"m_AlwaysRefresh":false,"showFog":false,"showSkybox":false,"showFlares":false,"showImageEffects":false,"showParticleSystems":false,"showVisualEffectGraphs":true,"m_FxEnabled":true},"in2DMode":false,"pivot":{"x":-0.1032111793756485,"y":0.28362876176834109,"z":-0.7948707938194275},"rotation":{"x":0.0015002385480329395,"y":-0.9980334043502808,"z":0.0572599321603775,"w":0.026694059371948243},"size":0.7852391004562378,"orthographic":false}