{"cameraMode":{"drawMode":0,"name":"Shaded","section":"Shading Mode"},"sceneLighting":false,"audioPlay":false,"sceneViewState":{"m_AlwaysRefresh":false,"showFog":true,"showSkybox":false,"showFlares":true,"showImageEffects":true,"showParticleSystems":true,"showVisualEffectGraphs":true,"m_FxEnabled":true},"in2DMode":false,"pivot":{"x":0.0338749885559082,"y":-0.021607637405395509,"z":0.8324627876281738},"rotation":{"x":-0.12645745277404786,"y":-0.8350814580917358,"z":0.2152571678161621,"w":-0.49033138155937197},"size":5.002938747406006,"orthographic":false}