{"cameraMode":{"drawMode":0,"name":"Shaded","section":"Shading Mode"},"sceneLighting":false,"audioPlay":false,"sceneViewState":{"m_AlwaysRefresh":false,"showFog":false,"showSkybox":false,"showFlares":false,"showImageEffects":false,"showParticleSystems":false,"showVisualEffectGraphs":true,"m_FxEnabled":true},"in2DMode":false,"pivot":{"x":0.6075375080108643,"y":-1.2989075183868409,"z":-1.7374902963638306},"rotation":{"x":0.10419166833162308,"y":0.8773612976074219,"z":-0.41283300518989565,"w":0.22137263417243958},"size":2.0202977657318117,"orthographic":false}