{"cameraMode":{"drawMode":0,"name":"Shaded","section":"Shading Mode"},"sceneLighting":false,"audioPlay":false,"sceneViewState":{"m_AlwaysRefresh":false,"showFog":false,"showSkybox":false,"showFlares":false,"showImageEffects":false,"showParticleSystems":false,"showVisualEffectGraphs":true,"m_FxEnabled":true},"in2DMode":false,"pivot":{"x":0.0413285493850708,"y":0.3554005026817322,"z":0.32517769932746889},"rotation":{"x":-0.08231528103351593,"y":-0.6973288059234619,"z":0.08109651505947113,"w":-0.7074077129364014},"size":0.7065587043762207,"orthographic":false}