{"cameraMode":{"drawMode":0,"name":"Shaded","section":"Shading Mode"},"sceneLighting":false,"audioPlay":false,"sceneViewState":{"m_AlwaysRefresh":false,"showFog":true,"showSkybox":false,"showFlares":true,"showImageEffects":true,"showParticleSystems":true,"showVisualEffectGraphs":true,"m_FxEnabled":true},"in2DMode":false,"pivot":{"x":0.26596951484680178,"y":0.43185365200042727,"z":-0.7427624464035034},"rotation":{"x":0.14878366887569428,"y":0.7607347965240479,"z":-0.1876298189163208,"w":0.6032982468605042},"size":1.8294522762298585,"orthographic":false}