{"cameraMode":{"drawMode":0,"name":"Shaded","section":"Shading Mode"},"sceneLighting":false,"audioPlay":false,"sceneViewState":{"m_AlwaysRefresh":false,"showFog":true,"showSkybox":false,"showFlares":true,"showImageEffects":true,"showParticleSystems":true,"showVisualEffectGraphs":true,"m_FxEnabled":true},"in2DMode":false,"pivot":{"x":-0.003848552703857422,"y":-0.003694772720336914,"z":0.0007475614547729492},"rotation":{"x":-0.2886604964733124,"y":-0.0017827327828854323,"z":0.0005118307890370488,"w":-0.9575015902519226},"size":1.6635968685150147,"orthographic":false}